{"cameraMode":{"drawMode":0,"name":"Shaded","section":"Shading Mode"},"sceneLighting":true,"audioPlay":false,"sceneViewState":{"m_AlwaysRefresh":false,"showFog":true,"showSkybox":true,"showFlares":true,"showImageEffects":true,"showParticleSystems":true,"showVisualEffectGraphs":true,"m_FxEnabled":true},"in2DMode":false,"pivot":{"x":130.87591552734376,"y":107.47749328613281,"z":-3.212625026702881},"rotation":{"x":0.004488751292228699,"y":0.07044115662574768,"z":-0.00031714048236608505,"w":0.9975071549415588},"size":128.57261657714845,"orthographic":false}